{
  "project_info": {
    "project_number": "736049239111",
    "project_id": "ones-75083",
    "storage_bucket": "ones-75083.appspot.com"
  },
  "client": [
    {
      "client_info": {
        "mobilesdk_app_id": "1:736049239111:android:da7c3dc39ab687ee9fcd62",
        "android_client_info": {
          "package_name": "com.example.ones_02"
        }
      },
      "oauth_client": [
        {
          "client_id": "736049239111-ml680dg35qp4q4jb3tlhj3pvo7o9s3sb.apps.googleusercontent.com",
          "client_type": 3
        }
      ],
      "api_key": [
        {
          "current_key": "AIzaSyDWyZTGabWVF43Grvhz28ghoQGCRH0LBRU"
        }
      ],
      "services": {
        "appinvite_service": {
          "other_platform_oauth_client": [
            {
              "client_id": "736049239111-ml680dg35qp4q4jb3tlhj3pvo7o9s3sb.apps.googleusercontent.com",
              "client_type": 3
            }
          ]
        }
      }
    }
  ],
  "configuration_version": "1"
}